case_id,predicted_evidence_ids
case_004e037d90b5a1e8,
case_00d69b64f48cfb80,
case_02a40438a1ef59e6,
case_02c6a5016cdae2fd,
case_037319c34d161c1d,
case_0379f9090ef68431,
case_044b748d05eaad91,
case_044bec6d7153f8f9,
case_0482578c4dca4b8e,
case_04c839782cca69a6,
case_05115b3aa57de0bc,
case_055998a770e9c3e3,
case_0587be050991600f,
case_0607416df13d688f,
case_07a2d4b4aa385907,
case_086f345d3d5e30d5,
case_08996afd4c2042c2,
case_08a46d4bfb2a79f9,
case_08acb9dc7f9c8cdd,
case_099b96ef0ab18e28,
case_09bfbdb040ccd28a,
case_0a03a3966a0136a4,
case_0a51d7ce6252c360,
case_0d8a1117cda9fe76,
case_0dc33fc485d83894,
case_0e1c59bb5e4cd28c,
case_0f1d308fad86353c,
case_0fb6f063a302a23d,
case_1362681f8e67d444,
case_14298b38860f3948,
case_145f21775428d628,
case_158c8ada5c70d503,
case_15fa63b322474ab3,
case_1685560ea73290cb,
case_16dba4773b90703b,
case_17bf9c0d36f0d443,
case_19fb9d87bc23ef95,
case_1a5b724c4d62b769,
case_1a7984704853d84f,
case_1ae5c46c270ca6f8,
case_1af892fdd997c7ad,
case_1dd25b1dfcbfa3dc,
case_1e958efa51a64ed2,
case_1fc6704093f5fb13,
case_20544c42d7004038,
case_21acb50b3d07a7be,
case_22276bf21a43f354,
case_224d6c0b0ff270b3,
case_22c73cf313af55ea,
case_22e7f4be94d64821,
case_234f9a6a1d093d77,
case_239275cf07c7e04c,
case_23bbb4bacb711668,
case_23f46c1307233a99,
case_23f548061454e8ea,
case_24009d595b45d952,
case_24279670c8ebc9b8,
case_250c73d869f1b284,
case_259ed9bd14b6dccb,
case_25f2270598828144,
case_261706e948ca7a73,
case_266301c0b9abc85e,
case_266648e99da4ec51,
case_26a1420ed9cf192e,
case_26fd7e64c5127913,
case_2712fc842a6533bd,
case_27eb1f2981ced629,
case_2868d3d1d5c32d21,
case_2a6f0ba2b4b4d275,
case_2bfef244231309d5,
case_2cf3813f3460df00,
case_2d4917b97aabdc1d,
case_321c1b32d8ada8d8,
case_32bcd976d45745fc,
case_32ddf53655fe9239,
case_32f0eeead99909c7,
case_3407d46d92f017cd,
case_370e9b38f66992e9,
case_37b7238bd9fc13c9,
case_394210793cb35e4d,
case_396ee4bec0e3bfa1,
case_3ad00c7bf60db1df,
case_3adca1da90e3e953,
case_3b7c741250e3b46e,
case_3ba7c423ca22b003,
case_3bda134b2ce6b5ba,
case_3d0011357d4ff47f,
case_3de95df961c4bdf8,
case_3e0be6e39c1270b5,
case_3e7cbff8c717584d,
case_3eb1e232f1173667,
case_3f1a77c5063c657d,
case_3f34c3fa4b72ae5b,
case_3f7a2a2d3f7db3d0,
case_3fbecba2a586a303,
case_3fec00226fa9376f,
case_4206edddd1f9ce23,
case_428f77f1070c9ac8,
case_42ad31f94a945381,
case_44471063b3fa67e2,
case_4502f58bd603aed3,
case_469b0b9510e34747,
case_471df6501d610140,
case_473de8433191287d,
case_477d59a52be9b2ca,
case_47a5f3332e3e19fa,
case_4d07ef33f84d5a7e,
case_4d7c3605fa1c183e,
case_4d8a6726b75eed5d,
case_4db49a78553b5e2e,
case_4ec990f1b713a9b1,
case_4f56701085d97856,
case_505f073c6fdecf1f,
case_51521d4aa1ac7ee8,
case_51adc6b9f42ca106,
case_51b51245311e25f2,
case_537c1111a6e276bc,
case_56186c95af2b08ae,
case_56ab153e4ffe3030,
case_5749f25c709fda9f,
case_57933a451211c8e0,
case_57e84d1bfeb5d451,
case_5884cfd0696b5463,
case_5a339cc99d531343,
case_5a4675e39067afa9,
case_5b8acfcfb40591e2,
case_5ba3ad869a282084,
case_5be7a22bcb278807,
case_5e13f7d621aa7ba3,
case_5e687df4fc646a96,
case_607785b0943138f9,
case_612ba57ec103ac02,
case_620f2ebafaa3ba0d,
case_6304a8b6bf352964,
case_648ded62e6ad1c54,
case_64d7903aaa79ed48,
case_650d78a4c0983e40,
case_6633ce8f33943c78,
case_664eda16a7eebd7c,
case_6775507b904df0e7,
case_67b6b9c878ffbd7b,
case_6869e6f81c5bb4c5,
case_68834424e8136e00,
case_6a24630f3840c792,
case_6a92046426d92c1a,
case_6b4cd51f8fb8b011,
case_6b7918181b19f7ff,
case_6b79294bef8eb36f,
case_6c3dbd7bf3909c10,
case_6c90ec550feb89a9,
case_6e14c57d032ba07f,
case_700cf4285ad9e269,
case_70c0bed745c9935d,
case_70fde96e14434fa1,
case_714e98d79800bee6,
case_72740cc6272a0f0e,
case_7281352faa009e36,
case_72fa5bee3fcc330c,
case_732ecaef87db736f,
case_7342a8ac22339f20,
case_73dab6aacf8c4ce3,
case_7404f76f4dd360fa,
case_745bec47c414f49b,
case_74dae0ad8078aed6,
case_74e94f6b62008077,
case_75fecdf8036282ea,
case_784e3cf8174c76a8,
case_79aa0571558b6545,
case_79ef2c152c5c1754,
case_7a6ca16a043566be,
case_7c9fd09612485645,
case_7d497be07aeb12e8,
case_7ecdd06a96c14747,
case_80a0fb03da8a323b,
case_821f6312c1a67cb6,
case_824fb37e2d534b73,
case_82b5fc1074091ff9,
case_82f97c1596138170,
case_84c1dd445f132d22,
case_84d08f7512a30865,
case_86cfa5c369f8c129,
case_8bb6bacac4bd8b79,
case_8c45520daa9fd83f,
case_8c97a73ca7462514,
case_8cc6bfc7e1f74688,
case_8d26a30c9bcdafb6,
case_8d9913c2f8629902,
case_8df5111e0c3c8773,
case_925cace58ffb253a,
case_93a9afb1af968272,
case_9438bd8a2630ee2d,
case_943b1502ee27a1a7,
case_94a5fa3d34a39e67,
case_94a8308b03a8dc70,
case_94f21cef7fd35657,
case_95e32b9937f56b2b,
case_96495def18eddd7e,
case_96f4835a92dbbe17,
case_984b53d4ecc389e3,
case_9b9d880afbb891eb,
case_9dd7b29e60d9a566,
case_9df031b166880cd3,
case_9f3ca97783fed0d1,
case_9fb9bda1827818f2,
case_a00ede82089e2b2f,
case_a03d7fad518ad128,
case_a0b8070f4e1d24f4,
case_a267d7505abfeab9,
case_a33272a69a9230a5,
case_a34d7af692c74997,
case_a5c1fc1fb744a2e9,
case_a6a5d187fb813221,
case_a8a46b91f57b0024,
case_a8dd1a7ddde43daa,
case_a8f69a3bf3ecb996,
case_a9a72e82b48bfb81,
case_aa280175d82a0994,
case_ab449cc993911c54,
case_ac8af5776c3c5d61,
case_acc580c8aeaa8ee3,
case_acdc131b045f63af,
case_ace690cc31fc5a15,
case_ada98e693228ee3d,
case_ae3bcf20d5999647,
case_af68c5da9f4f193b,
case_afb631fe660c9567,
case_b0104b14903a41f8,
case_b043f0a6032cbf7c,
case_b085f47ac0396af7,
case_b201e44ff62b28b1,
case_b2f446316e390d3e,
case_b5a43ca4b7f0915b,
case_b6304ea8fc49a7b3,
case_b632e3ab12d7fca9,
case_b669a03d971ec052,
case_b9e3eb7ac63e43f7,
case_bab9becbd4fbd25d,
case_baf1df7f38f46cda,
case_bb8c3370e89ef078,
case_bc110f798e271f2a,
case_be7deb1dd9953c3d,
case_bf051ec4785ef015,
case_bf99ad5bdaa96425,
case_bfac05cd9e5cb487,
case_c059fe7bc9f3ffa9,
case_c0e46de45612d3ab,
case_c12fa7cb364f76ea,
case_c179d14f396ecfe3,
case_c20907db3954d9f5,
case_c2cc971dee53489d,
case_c31166ee802a1228,
case_c4499b1df16944b7,
case_c506335be5f33272,
case_c51f4ade2b654707,
case_c52ef6045943fbf4,
case_c5465fb8e7bdc3d3,
case_c618357bb47990dc,
case_c71d0aeb62ab3ba0,
case_c73425cf8818258f,
case_c78f1ad587f7b8ea,
case_c86bd1b9e7951c53,
case_c88617e07ec5890c,
case_c8b6f04d3253e39d,
case_c952863896d150b6,
case_ca2086aac29d24e4,
case_ca4b7269759810b0,
case_ca86ab5a1dde9120,
case_cadc04958d9775b6,
case_cb8de9f774b45c15,
case_cbd2d649cf1e906b,
case_cdb6860b28b86d14,
case_ce48d274ccae7723,
case_cec514a314042a18,
case_cf815f248e340858,
case_cff3f099512a29ab,
case_d02e14a317d14b3a,
case_d0a14eb4ef0a41a5,
case_d28900383fed3864,
case_d2c6d540ebb0b3a5,
case_d330e4251172e525,
case_d37acb95fe325a22,
case_d3d9ba74af98ad13,
case_d40f585108e789ec,
case_d51b5f746a9bdf16,
case_d676163a9147076b,
case_d68667e8e85b61c7,
case_d72765e57b5ac274,
case_d98fe83c735e45f3,
case_d9cae5fe144e2c0c,
case_d9f25f18111c4238,
case_da3eab44e5afcc8c,
case_daa199d658db7978,
case_daf907a697694e51,
case_db8ff1714dcc677e,
case_dba860df205a373f,
case_dcf4ba66ce1c8247,
case_dd6395fefb4ece00,
case_dd6a3b0a9122a9a3,
case_ddcd707e19db66ad,
case_de2d16e2bdc4d67b,
case_de4d75c91a4a4edf,
case_df07c02d93717d72,
case_dff1f6ba2532c8c1,
case_e009d0f7bc5d6174,
case_e103f38e72e3cce7,
case_e10cd883f45d287e,
case_e2a9b1501aa54599,
case_e42fda351754c85a,
case_e4e6283b99a17220,
case_e78516f3aa1d9854,
case_e7dafbf6d7dfad0f,
case_e8bc6bae2e05433f,
case_e98ac74201e04c04,
case_e9eac42133f2345d,
case_ea71c1d425df3482,
case_ea7f0e36b13f12cd,
case_ecb50d4076057809,
case_ecdd90b04050a013,
case_ee034073be5a56ad,
case_eedd660c7b4f73b9,
case_ef3f3abe200136e8,
case_ef7ba8b132f4deb4,
case_f0ebe56954d19b80,
case_f1ab7535c7ab0737,
case_f20cdfa2297da811,
case_f3435ec13152a7f5,
case_f3579c3f3a29886c,
case_f357bb65e1a2cfa1,
case_f5455401d8ffc193,
case_f6e64af8bde51cb2,
case_f6f342565bb8c3dd,
case_f7ee3e231397506a,
case_f80e315fa4fe6ade,
case_f8ae9ba22c966f31,
case_fa519a4bb9dd6af9,
case_fa812858b85f37b3,
case_faad9d1a65cb127f,
case_fb96790e972af99a,
case_fbeb392c1d8c9449,
case_fdc8b79feeb6cd15,
case_fe30c36140c6134c,
case_feebf444e7df718b,
case_ff6b20ce5478ba2c,
